raw ncd,1.0
raw lzjd32,0.5555555555555556
raw lzjd64,0.6666666666666666
raw lzjd128,0.8518518518518519
raw lzjd256,0.8888888888888888
raw lzjd512,0.8888888888888888
raw lzjd1K,0.7407407407407407
skel ncd,1.0
skel lzjd32,0.7777777777777778
skel lzjd64,0.9259259259259259
skel lzjd128,0.7777777777777778
skel lzjd256,0.8148148148148148
skel lzjd512,0.8888888888888888
skel lzjd1K,0.8518518518518519
