byteBag-significantOnly,2.429346399712758
lzjd1-skeleton,1.4289907227177916
byteBag-skeleton,1.2601778351270114
ppdeep-significantOnly,1.2451254688284528
ppdeep-significantAndZero,1.0687130284230266
ppdeep-skeleton,1.0166507320619362
lzjd1-significantOnly,0.8036470972779886
lzjd1-significantAndZero,0.4154149258736573
