fourbytes,19.0
lzjd1,1.4289907227177916
byteBag,1.2601778351270114
ppdeep,1.0166507320619362
size,1.000913616072589
