fourbytes,19.0
byteBag,0.7152762408673169
lzjd1,0.6917380637776728
size,0.5936729536208253
ppdeep,0.43092703039797964
